{
  "CodeKitInfo" : "This is a CodeKit project configuration file. It is designed to sync project settings across multiple machines. Modifying the contents of this file can be a poor life decision if you don't know what you're doing. This file is not useful unless accompanied by the project that created it in CodeKit. For more information, see: http:\/\/incident57.com\/codekit",
  "creatorBuild" : "8283",
  "files" : {
    "\/template-style.less" : {
      "ignoreWasSetByUser" : 0,
      "ignore" : 0,
      "hidden" : 0,
      "outputPathIsSetByUser" : 0,
      "inputAbbreviatedPath" : "\/template-style.less",
      "outputStyle" : 0,
      "shouldRunBless" : 0,
      "outputAbbreviatedPath" : "\/css\/template-style.css",
      "strictImports" : 0,
      "fileType" : 1,
      "debugStyle" : 0
    },
    "\/template-masonry.less" : {
      "ignoreWasSetByUser" : 0,
      "ignore" : 0,
      "hidden" : 0,
      "outputPathIsSetByUser" : 1,
      "inputAbbreviatedPath" : "\/template-masonry.less",
      "outputStyle" : 0,
      "shouldRunBless" : 0,
      "outputAbbreviatedPath" : "\/Applications\/MAMP\/htdocs\/OIPTemplates\/UI\/templates\/assets\/css\/template-masonry.css",
      "strictImports" : 0,
      "fileType" : 1,
      "debugStyle" : 0
    },
    "\/template-footer.less" : {
      "ignoreWasSetByUser" : 0,
      "ignore" : 0,
      "hidden" : 0,
      "outputPathIsSetByUser" : 0,
      "inputAbbreviatedPath" : "\/template-footer.less",
      "outputStyle" : 0,
      "shouldRunBless" : 0,
      "outputAbbreviatedPath" : "\/css\/template-footer.css",
      "strictImports" : 0,
      "fileType" : 1,
      "debugStyle" : 0
    },
    "\/template-reading-pane.less" : {
      "ignoreWasSetByUser" : 0,
      "ignore" : 0,
      "hidden" : 0,
      "outputPathIsSetByUser" : 0,
      "inputAbbreviatedPath" : "\/template-reading-pane.less",
      "outputStyle" : 0,
      "shouldRunBless" : 0,
      "outputAbbreviatedPath" : "\/css\/template-reading-pane.css",
      "strictImports" : 0,
      "fileType" : 1,
      "debugStyle" : 0
    },
    "\/template-labels-badges.less" : {
      "ignoreWasSetByUser" : 0,
      "ignore" : 0,
      "hidden" : 0,
      "outputPathIsSetByUser" : 0,
      "inputAbbreviatedPath" : "\/template-labels-badges.less",
      "outputStyle" : 0,
      "shouldRunBless" : 0,
      "outputAbbreviatedPath" : "\/css\/template-labels-badges.css",
      "strictImports" : 0,
      "fileType" : 1,
      "debugStyle" : 0
    },
    "\/template-categories.less" : {
      "ignoreWasSetByUser" : 0,
      "ignore" : 0,
      "hidden" : 0,
      "outputPathIsSetByUser" : 0,
      "inputAbbreviatedPath" : "\/template-categories.less",
      "outputStyle" : 0,
      "shouldRunBless" : 0,
      "outputAbbreviatedPath" : "\/css\/template-categories.css",
      "strictImports" : 0,
      "fileType" : 1,
      "debugStyle" : 0
    },
    "\/elusive-webfont.less" : {
      "ignoreWasSetByUser" : 0,
      "ignore" : 0,
      "hidden" : 0,
      "outputPathIsSetByUser" : 0,
      "inputAbbreviatedPath" : "\/elusive-webfont.less",
      "outputStyle" : 0,
      "shouldRunBless" : 0,
      "outputAbbreviatedPath" : "\/css\/elusive-webfont.css",
      "strictImports" : 0,
      "fileType" : 1,
      "debugStyle" : 0
    },
    "\/template-carousel.less" : {
      "ignoreWasSetByUser" : 0,
      "ignore" : 0,
      "hidden" : 0,
      "outputPathIsSetByUser" : 0,
      "inputAbbreviatedPath" : "\/template-carousel.less",
      "outputStyle" : 0,
      "shouldRunBless" : 0,
      "outputAbbreviatedPath" : "\/css\/template-carousel.css",
      "strictImports" : 0,
      "fileType" : 1,
      "debugStyle" : 0
    },
    "\/template-responsive.less" : {
      "ignoreWasSetByUser" : 0,
      "ignore" : 0,
      "hidden" : 0,
      "outputPathIsSetByUser" : 0,
      "inputAbbreviatedPath" : "\/template-responsive.less",
      "outputStyle" : 0,
      "shouldRunBless" : 0,
      "outputAbbreviatedPath" : "\/css\/template-responsive.css",
      "strictImports" : 0,
      "fileType" : 1,
      "debugStyle" : 0
    },
    "\/template-type.less" : {
      "ignoreWasSetByUser" : 0,
      "ignore" : 0,
      "hidden" : 0,
      "outputPathIsSetByUser" : 0,
      "inputAbbreviatedPath" : "\/template-type.less",
      "outputStyle" : 0,
      "shouldRunBless" : 0,
      "outputAbbreviatedPath" : "\/css\/template-type.css",
      "strictImports" : 0,
      "fileType" : 1,
      "debugStyle" : 0
    },
    "\/template-sharing-panel.less" : {
      "ignoreWasSetByUser" : 0,
      "ignore" : 0,
      "hidden" : 0,
      "outputPathIsSetByUser" : 0,
      "inputAbbreviatedPath" : "\/template-sharing-panel.less",
      "outputStyle" : 0,
      "shouldRunBless" : 0,
      "outputAbbreviatedPath" : "\/css\/template-sharing-panel.css",
      "strictImports" : 0,
      "fileType" : 1,
      "debugStyle" : 0
    },
    "\/template-pager.less" : {
      "ignoreWasSetByUser" : 0,
      "ignore" : 0,
      "hidden" : 0,
      "outputPathIsSetByUser" : 0,
      "inputAbbreviatedPath" : "\/template-pager.less",
      "outputStyle" : 0,
      "shouldRunBless" : 0,
      "outputAbbreviatedPath" : "\/css\/template-pager.css",
      "strictImports" : 0,
      "fileType" : 1,
      "debugStyle" : 0
    },
    "\/template-navbar.less" : {
      "ignoreWasSetByUser" : 0,
      "ignore" : 0,
      "hidden" : 0,
      "outputPathIsSetByUser" : 0,
      "inputAbbreviatedPath" : "\/template-navbar.less",
      "outputStyle" : 0,
      "shouldRunBless" : 0,
      "outputAbbreviatedPath" : "\/css\/template-navbar.css",
      "strictImports" : 0,
      "fileType" : 1,
      "debugStyle" : 0
    },
    "\/template-mixins.less" : {
      "ignoreWasSetByUser" : 0,
      "ignore" : 0,
      "hidden" : 0,
      "outputPathIsSetByUser" : 0,
      "inputAbbreviatedPath" : "\/template-mixins.less",
      "outputStyle" : 0,
      "shouldRunBless" : 0,
      "outputAbbreviatedPath" : "\/css\/template-mixins.css",
      "strictImports" : 0,
      "fileType" : 1,
      "debugStyle" : 0
    },
    "\/template-isotope.less" : {
      "ignoreWasSetByUser" : 0,
      "ignore" : 0,
      "hidden" : 0,
      "outputPathIsSetByUser" : 0,
      "inputAbbreviatedPath" : "\/template-isotope.less",
      "outputStyle" : 0,
      "shouldRunBless" : 0,
      "outputAbbreviatedPath" : "\/css\/template-isotope.css",
      "strictImports" : 0,
      "fileType" : 1,
      "debugStyle" : 0
    },
    "\/template-wells.less" : {
      "ignoreWasSetByUser" : 0,
      "ignore" : 0,
      "hidden" : 0,
      "outputPathIsSetByUser" : 0,
      "inputAbbreviatedPath" : "\/template-wells.less",
      "outputStyle" : 0,
      "shouldRunBless" : 0,
      "outputAbbreviatedPath" : "\/css\/template-wells.css",
      "strictImports" : 0,
      "fileType" : 1,
      "debugStyle" : 0
    },
    "\/template-modals.less" : {
      "ignoreWasSetByUser" : 0,
      "ignore" : 0,
      "hidden" : 0,
      "outputPathIsSetByUser" : 0,
      "inputAbbreviatedPath" : "\/template-modals.less",
      "outputStyle" : 0,
      "shouldRunBless" : 0,
      "outputAbbreviatedPath" : "\/css\/template-modals.css",
      "strictImports" : 0,
      "fileType" : 1,
      "debugStyle" : 0
    },
    "\/template-variables.less" : {
      "ignoreWasSetByUser" : 0,
      "ignore" : 0,
      "hidden" : 0,
      "outputPathIsSetByUser" : 0,
      "inputAbbreviatedPath" : "\/template-variables.less",
      "outputStyle" : 0,
      "shouldRunBless" : 0,
      "outputAbbreviatedPath" : "\/css\/template-variables.css",
      "strictImports" : 0,
      "fileType" : 1,
      "debugStyle" : 0
    },
    "\/template-multicolumn.less" : {
      "ignoreWasSetByUser" : 0,
      "ignore" : 0,
      "hidden" : 0,
      "outputPathIsSetByUser" : 0,
      "inputAbbreviatedPath" : "\/template-multicolumn.less",
      "outputStyle" : 0,
      "shouldRunBless" : 0,
      "outputAbbreviatedPath" : "\/css\/template-multicolumn.css",
      "strictImports" : 0,
      "fileType" : 1,
      "debugStyle" : 0
    },
    "\/font-awesome.less" : {
      "ignoreWasSetByUser" : 0,
      "ignore" : 0,
      "hidden" : 0,
      "outputPathIsSetByUser" : 0,
      "inputAbbreviatedPath" : "\/font-awesome.less",
      "outputStyle" : 0,
      "shouldRunBless" : 0,
      "outputAbbreviatedPath" : "\/css\/font-awesome.css",
      "strictImports" : 0,
      "fileType" : 1,
      "debugStyle" : 0
    },
    "\/template-scaffolding.less" : {
      "ignoreWasSetByUser" : 0,
      "ignore" : 0,
      "hidden" : 0,
      "outputPathIsSetByUser" : 0,
      "inputAbbreviatedPath" : "\/template-scaffolding.less",
      "outputStyle" : 0,
      "shouldRunBless" : 0,
      "outputAbbreviatedPath" : "\/css\/template-scaffolding.css",
      "strictImports" : 0,
      "fileType" : 1,
      "debugStyle" : 0
    },
    "\/font-awesome-ie7.less" : {
      "ignoreWasSetByUser" : 0,
      "ignore" : 0,
      "hidden" : 0,
      "outputPathIsSetByUser" : 0,
      "inputAbbreviatedPath" : "\/font-awesome-ie7.less",
      "outputStyle" : 0,
      "shouldRunBless" : 0,
      "outputAbbreviatedPath" : "\/css\/font-awesome-ie7.css",
      "strictImports" : 0,
      "fileType" : 1,
      "debugStyle" : 0
    },
    "\/template-thumbnails.less" : {
      "ignoreWasSetByUser" : 0,
      "ignore" : 0,
      "hidden" : 0,
      "outputPathIsSetByUser" : 0,
      "inputAbbreviatedPath" : "\/template-thumbnails.less",
      "outputStyle" : 0,
      "shouldRunBless" : 0,
      "outputAbbreviatedPath" : "\/css\/template-thumbnails.css",
      "strictImports" : 0,
      "fileType" : 1,
      "debugStyle" : 0
    },
    "\/template-video.less" : {
      "ignoreWasSetByUser" : 0,
      "ignore" : 0,
      "hidden" : 0,
      "outputPathIsSetByUser" : 0,
      "inputAbbreviatedPath" : "\/template-video.less",
      "outputStyle" : 0,
      "shouldRunBless" : 0,
      "outputAbbreviatedPath" : "\/css\/template-video.css",
      "strictImports" : 0,
      "fileType" : 1,
      "debugStyle" : 0
    },
    "\/template-fonts.less" : {
      "ignoreWasSetByUser" : 0,
      "ignore" : 0,
      "hidden" : 0,
      "outputPathIsSetByUser" : 0,
      "inputAbbreviatedPath" : "\/template-fonts.less",
      "outputStyle" : 0,
      "shouldRunBless" : 0,
      "outputAbbreviatedPath" : "\/css\/template-fonts.css",
      "strictImports" : 0,
      "fileType" : 1,
      "debugStyle" : 0
    }
  },
  "manualImportLinks" : [

  ],
  "projectSettings" : {
    "hamlNoEscapeInAttributes" : 0,
    "kitAutoOutputPathStyle" : 0,
    "lessOutputStyle" : 0,
    "hamlAutoOutputPathReplace2" : "",
    "draggedImportConcatenationStyle" : 1,
    "jadeAutoOutputPathStyle" : 0,
    "hamlEscapeHTMLCharacters" : 0,
    "javascriptAutoOutputPathStyle" : 2,
    "hamlOutputFormat" : 2,
    "stylusAutoOutputPathReplace1" : "stylus",
    "lessStrictImports" : 0,
    "sassAutoOutputPathStyle" : 2,
    "stylusAutoOutputPathReplace2" : "css",
    "lessAutoOutputPathStyle" : 2,
    "genericWebpageFileExtensionsString" : "html, htm, shtml, shtm, xhtml, php, jsp, asp, aspx, erb, ctp",
    "coffeeMinifyOutput" : 1,
    "javascriptOutputSuffix" : "-ck",
    "jadeOutputStyle" : 0,
    "coffeeAutoOutputPathStyle" : 0,
    "autoSyncProjectSettingsFile" : 1,
    "lessAutoOutputPathReplace1" : "less",
    "jadeAutoOutputPathReplace1" : "",
    "lessAutoOutputPathRelativePath" : "..\/css\/",
    "hamlAutoOutputPathRelativePath" : "",
    "jsCheckerReservedNamesString" : "",
    "javascriptOutputStyle" : 1,
    "stylusDebugStyle" : 0,
    "hamlUseCDATA" : 0,
    "hamlAutoOutputPathStyle" : 0,
    "sassDebugStyle" : 0,
    "hamlOutputStyle" : 0,
    "stylusAutoOutputPathRelativePath" : "..\/css",
    "jsCheckerIndent" : 4,
    "kitAutoOutputPathRelativePath" : "",
    "lessAutoOutputPathReplace2" : "css",
    "jadeAutoOutputPathReplace2" : "",
    "shouldRunBless" : 0,
    "stylusAutoOutputPathStyle" : 2,
    "coffeeCheckOutputStyle" : 0,
    "slimOutputStyle" : 1,
    "javascriptSyntaxCheckerStyle" : 1,
    "sassAutoOutputPathReplace1" : "sass",
    "slimAutoOutputPathReplace1" : "",
    "sassOutputStyle" : 0,
    "coffeeAutoOutputPathRelativePath" : "",
    "slimCompileOnly" : 0,
    "slimLogicless" : 0,
    "uglifyIndent" : 4,
    "jadeAutoOutputPathRelativePath" : "",
    "hamlUseUnixNewlines" : 0,
    "hamlAutoOutputPathReplace1" : "",
    "javascriptAutoOutputPathReplace1" : "",
    "stylusOutputStyle" : 0,
    "javascriptAutoOutputPathReplace2" : "",
    "sassAutoOutputPathRelativePath" : "..\/css",
    "coffeeAutoOutputPathReplace1" : "",
    "hamlUseDoubleQuotes" : 0,
    "coffeeAutoOutputPathReplace2" : "",
    "kitAutoOutputPathReplace1" : "",
    "uglifyReservedNamesString" : "",
    "coffeeOutputStyle" : 0,
    "slimAutoOutputPathRelativePath" : "",
    "jsHintFlags" : {
      "latedef" : 1,
      "newcap" : 1,
      "curly" : 1,
      "trailing" : 1,
      "nonew" : 1,
      "withstmt" : 0,
      "yui" : 0,
      "mootools" : 0,
      "proto" : 0,
      "boss" : 0,
      "funcscope" : 0,
      "regexdash" : 0,
      "jquery" : 1,
      "esnext" : 0,
      "camelcase" : 0,
      "es5" : 0,
      "dojo" : 0,
      "strict" : 0,
      "devel" : 0,
      "onecase" : 0,
      "wsh" : 0,
      "nonstandard" : 0,
      "asi" : 0,
      "smarttabs" : 0,
      "rhino" : 0,
      "noempty" : 0,
      "lastsemic" : 0,
      "eqnull" : 0,
      "eqeqeq" : 1,
      "couch" : 0,
      "evil" : 0,
      "expr" : 0,
      "immed" : 0,
      "globalstrict" : 0,
      "undef" : 1,
      "iterator" : 0,
      "prototypejs" : 0,
      "noarg" : 1,
      "supernew" : 0,
      "node" : 0,
      "unused" : 1,
      "debug" : 0,
      "bitwise" : 1,
      "white" : 0,
      "browser" : 1,
      "worker" : 0,
      "laxcomma" : 0,
      "multistr" : 0,
      "shadow" : 0,
      "sub" : 0,
      "regexp" : 1,
      "scripturl" : 0,
      "forin" : 0,
      "loopfunc" : 0,
      "laxbreak" : 0,
      "plusplus" : 0
    },
    "jsLintFlags" : {
      "white" : 0,
      "bitwise" : 0,
      "regexp" : 0,
      "vars" : 0,
      "anon" : 0,
      "sub" : 0,
      "stupid" : 0,
      "nomen" : 0,
      "unparam" : 0,
      "newcap" : 0,
      "'continue'" : 0,
      "sloppy" : 0,
      "fragment" : 0,
      "undef" : 0,
      "es5" : 0,
      "browser" : 1,
      "properties" : 0,
      "forin" : 0,
      "plusplus" : 0,
      "debug" : 0,
      "eqeq" : 0,
      "confusion" : 0,
      "evil" : 0,
      "on" : 0,
      "windows" : 0,
      "devel" : 0,
      "rhino" : 0,
      "node" : 0,
      "css" : 0
    },
    "uglifyFlags" : {
      "no-mangle-functions" : 0,
      "no-mangle" : 0,
      "no-copyright" : 0,
      "no-dead-code" : 0,
      "inline-script" : 0,
      "ascii" : 0,
      "unsafe" : 0,
      "mangle-toplevel" : 0,
      "no-seqs" : 1,
      "beautify" : 0,
      "lift-vars" : 0,
      "consolidate-primitive-values" : 0,
      "no-squeeze" : 0
    },
    "sassAutoOutputPathReplace2" : "css",
    "slimAutoOutputPathReplace2" : "",
    "jadeCompileDebug" : 1,
    "slimRailsCompatible" : 0,
    "kitAutoOutputPathReplace2" : "",
    "lessDebugStyle" : 0,
    "javascriptAutoOutputPathRelativePath" : "..\/css\/",
    "slimAutoOutputPathStyle" : 0
  },
  "projectAttributes" : {
    "bourbonEnabled" : 0,
    "displayValue" : "less",
    "displayValueWasSetByUser" : 1,
    "compassEnabled" : 0
  }
}